{"cameraMode":{"drawMode":0,"name":"Shaded","section":"Shading Mode"},"sceneLighting":false,"audioPlay":false,"sceneViewState":{"showFog":true,"showMaterialUpdate":false,"showSkybox":true,"showFlares":true,"showImageEffects":true,"showParticleSystems":true},"in2DMode":false,"pivot":{"x":5.191583633422852,"y":-2.645256996154785,"z":-3.08347749710083},"rotation":{"x":0.37645232677459719,"y":0.3755543828010559,"z":-0.17042329907417298,"w":0.8295772671699524},"size":24.478233337402345,"orthographic":true}