{"cameraMode":{"drawMode":0,"name":"Shaded","section":"Shading Mode"},"sceneLighting":true,"audioPlay":false,"sceneViewState":{"showFog":true,"showMaterialUpdate":false,"showSkybox":true,"showFlares":true,"showImageEffects":true,"showParticleSystems":true},"in2DMode":false,"pivot":{"x":5.92578125,"y":-1.61810302734375,"z":1.0654296875},"rotation":{"x":-0.05953441932797432,"y":0.8613317012786865,"z":-0.10385900735855103,"w":-0.49373751878738406},"size":14.031319618225098,"orthographic":true}