{"cameraMode":{"drawMode":0,"name":"Shaded","section":"Shading Mode"},"sceneLighting":false,"audioPlay":false,"sceneViewState":{"showFog":true,"showMaterialUpdate":false,"showSkybox":true,"showFlares":true,"showImageEffects":true,"showParticleSystems":true},"in2DMode":false,"pivot":{"x":-13.123385429382325,"y":-3.3988428115844728,"z":-7.006523609161377},"rotation":{"x":0.07640691101551056,"y":0.2719216048717499,"z":-0.02164807915687561,"w":0.9590370059013367},"size":233.9196014404297,"orthographic":true}