{"cameraMode":{"drawMode":0,"name":"Shaded","section":"Shading Mode"},"sceneLighting":false,"audioPlay":false,"sceneViewState":{"showFog":true,"showMaterialUpdate":false,"showSkybox":true,"showFlares":true,"showImageEffects":true,"showParticleSystems":true},"in2DMode":false,"pivot":{"x":0.6889128684997559,"y":-1.2399649620056153,"z":0.22306311130523683},"rotation":{"x":0.03301268815994263,"y":-0.8239239454269409,"z":0.04825460910797119,"w":0.5636763572692871},"size":23.217926025390626,"orthographic":true}