{"cameraMode":{"drawMode":0,"name":"Shaded","section":"Shading Mode"},"sceneLighting":false,"audioPlay":false,"sceneViewState":{"showFog":true,"showMaterialUpdate":false,"showSkybox":true,"showFlares":true,"showImageEffects":true,"showParticleSystems":true},"in2DMode":false,"pivot":{"x":4.03000020980835,"y":-1.4000000953674317,"z":1.8260996341705323},"rotation":{"x":0.3927467465400696,"y":0.42336419224739077,"z":0.21079586446285249,"w":-0.788719117641449},"size":15.802173614501954,"orthographic":true}